dataTime,busanUlsanHighway,Hwangnyeong,Gaegeum,Suyeong,Guseo,Gamjeon,Oryun,Namsan,Nakdong,Munhyeon,Uam,Hoedong,Buwon,Jinyang,Mangmi,Hakjang,Jurye,Bukbugeumsok,Gadeok,Songjeong,Jangan,Daejeo,Myeongnye,Geumsa,Beomnaegol,Wolgwang,Myeongji,Daedong
2022071112,636,11059,4044,4221,4170,1424,4555,4704,999,4031,1478,5120,0,756,590,586,888,446,0,1144,741,289,272,1420,630,692,627,642
2022071113,582,13646,4616,4646,4779,1501,4328,4724,1063,4120,1688,5322,0,859,654,733,1004,443,0,1178,801,263,321,1472,622,711,551,654
2022071114,608,14452,3843,4472,5349,1699,4840,5234,1207,4400,1578,5114,0,847,662,778,1114,424,0,1352,792,268,337,1472,654,711,600,639
2022071115,581,14752,4283,4749,4494,1638,5038,5448,1106,4445,1980,5258,0,853,666,849,1132,454,0,1396,816,304,312,1548,645,692,616,632
2022071116,507,14724,3955,4901,6348,1553,5890,6188,1036,4525,2015,5584,0,719,629,684,1120,477,0,1256,932,434,331,1328,577,787,590,727
2022071117,480,14925,3078,5096,8403,1732,4860,6542,1013,4519,2273,5354,0,754,704,706,1208,530,0,1310,1351,662,472,1288,497,1141,646,612
2022071118,486,14984,4124,5200,8532,920,171,6200,1069,4510,2089,5192,0,803,695,754,593,564,0,236,1092,585,486,1252,516,1007,132,85
2022071119,253,12217,3215,3905,4860,612,0,4700,1051,3280,1067,3630,0,842,650,671,495,434,0,88,783,234,276,1064,425,525,57,20
2022071120,188,11103,3593,3380,3546,636,0,3518,1105,2999,726,3194,0,948,552,634,684,301,0,980,559,143,129,932,505,405,628,214
2022071121,154,10857,2972,3309,2715,557,0,2822,825,2635,672,2802,0,785,555,509,420,282,0,794,316,85,71,716,423,326,591,139
2022071122,116,8727,1256,2525,2187,477,0,2084,601,1933,488,2252,0,617,378,414,340,229,0,800,146,53,24,676,367,180,533,103
2022071123,61,5458,534,1666,1350,362,0,1422,340,1257,281,1290,0,420,275,287,251,140,0,340,107,32,18,460,233,104,204,46
2022071200,37,3063,411,868,555,207,0,666,249,777,221,858,0,310,182,175,200,118,0,148,56,18,22,408,162,68,146,26
2022071201,21,2672,328,712,474,205,0,610,165,537,187,568,0,203,114,159,128,88,0,134,24,15,10,332,150,47,89,31
2022071202,18,2137,292,544,327,186,0,396,176,405,199,408,0,161,68,134,89,64,0,96,28,16,11,316,110,42,55,31
2022071203,20,1677,537,572,330,326,0,346,169,452,203,368,0,141,69,109,61,82,0,132,29,11,5,572,95,40,42,36
2022071204,50,2374,1043,978,531,673,0,870,195,813,322,608,0,226,87,177,110,128,0,198,80,35,34,536,106,73,52,135
2022071205,300,5962,2764,2435,1329,1424,0,2272,432,2115,566,1316,0,445,157,340,180,298,0,340,317,122,226,996,269,205,150,379
2022071206,833,10988,3780,4788,2658,1822,0,4992,971,4343,933,3376,0,735,307,437,161,509,0,896,762,293,446,1484,710,541,301,952
2022071207,1662,13171,4217,5655,4425,1931,0,7278,1410,5356,2004,5690,0,923,613,720,281,714,0,1158,1495,416,516,1708,607,1092,626,1157
2022071208,1203,13176,4286,5352,7098,1778,4440,7906,1240,5037,2365,5230,0,732,665,945,1070,750,0,1036,1417,440,433,1620,978,1155,726,1315
2022071209,832,13782,4992,5284,5748,1629,11904,5830,1151,4825,1983,5466,0,898,665,807,1023,472,0,1266,896,394,297,1468,824,714,641,1015
2022071210,812,13214,4435,5064,4695,1812,5029,5598,1129,4611,1911,4702,0,885,587,776,1019,407,0,1184,709,304,274,1504,740,551,577,770
2022071211,868,13351,4338,4459,4608,1775,4919,5366,1147,4415,1714,4764,0,893,630,743,1017,457,0,1152,829,326,324,1632,696,701,696,784
2022071212,767,12329,3455,4725,4026,1665,4422,4858,1171,3526,1602,4962,0,941,621,642,1002,449,0,1050,744,303,297,1604,685,655,812,775
2022071213,674,14081,4443,4428,5025,1708,5159,5466,1296,4298,1697,5420,0,934,630,736,1026,413,0,1164,853,312,339,1756,734,722,741,691
2022071214,632,13969,4882,4302,5340,1701,5510,5682,1074,4499,1849,5256,0,829,656,800,1141,415,0,1264,847,321,326,1640,686,745,732,754
2022071215,596,13322,4702,4435,5028,1688,5482,5772,1142,4524,1999,5500,0,823,670,794,1157,418,0,1304,966,353,345,1516,658,742,702,700
2022071216,564,15151,4344,4011,6276,1760,6280,6402,1153,4629,2016,6176,0,768,594,788,1209,507,0,1320,1018,469,356,1552,621,876,788,669
2022071217,526,14608,3486,4157,8970,1268,6438,6762,983,4376,2116,6258,0,619,670,596,955,526,0,70,1385,821,438,1396,470,1091,39,49
2022071218,294,12773,3754,4618,8220,1732,5278,6986,785,4381,2008,3714,0,713,464,752,518,403,0,76,938,508,350,816,463,839,37,27
2022071219,38,10865,3604,3797,5268,1434,2770,4752,248,3679,1150,1078,0,868,180,683,520,88,0,208,190,47,53,228,410,115,146,78
2022071220,223,12331,3297,3590,3972,1369,3286,3722,1092,3237,829,3922,0,1002,630,642,918,384,0,802,581,159,166,984,502,420,657,212
2022071221,149,11353,3184,3112,3240,1274,2825,3070,925,2911,616,2974,0,803,604,565,795,303,0,538,456,97,107,972,434,349,310,191
2022071222,123,9401,2651,2542,2313,1233,1923,2548,656,2133,492,2282,0,641,415,496,721,251,0,408,236,56,55,676,372,175,278,118
2022071223,87,6276,1729,1778,1503,826,1277,1610,325,1416,333,1454,0,469,251,313,520,168,0,246,144,23,34,496,234,109,161,76
2022071300,4,2607,1001,749,897,587,542,788,34,884,185,228,0,310,36,240,361,18,0,38,12,2,2,60,173,14,26,8
2022071301,31,3028,877,747,465,445,551,532,193,547,195,570,0,215,137,164,244,92,0,130,30,22,17,416,112,59,85,31
2022071302,20,2184,751,534,372,446,438,500,155,439,155,450,0,179,66,159,163,81,0,90,26,13,14,348,107,42,69,34
2022071303,20,1877,813,558,282,460,410,334,175,446,202,366,0,146,80,102,161,71,0,132,49,11,13,552,95,30,52,38
2022071304,45,2562,1040,958,546,679,797,896,190,818,331,548,0,208,81,183,188,120,0,190,96,40,40,616,101,84,65,118
2022071305,334,6167,2439,2489,1275,1417,2065,2344,452,2187,542,1370,0,486,135,340,555,281,0,384,354,140,241,868,296,214,142,410
2022071306,844,11317,4251,4939,2619,1817,4281,4870,951,4388,954,3308,0,811,284,461,770,492,0,854,771,308,448,1416,719,563,299,952
2022071307,1574,12922,4683,5347,4248,1858,6097,7302,1418,5316,1531,5672,0,885,567,688,951,657,0,1222,1476,437,520,1628,566,1055,696,1127
2022071308,1330,12874,5508,5091,5967,1799,6437,7880,1251,5139,2262,5760,0,711,721,943,1033,714,0,1312,1405,503,489,1840,856,1263,820,1410
2022071309,819,14159,4499,4962,5655,1854,5511,5950,1149,4797,2082,5640,0,781,673,887,1030,491,0,1404,876,369,333,1592,816,755,666,1081
2022071310,1011,13637,4025,4505,4026,1863,5178,5308,1201,4242,1916,5394,0,888,673,788,1078,495,0,1336,765,304,344,1624,760,643,650,806
2022071311,960,13448,5045,4844,4491,1777,4893,5272,1118,4638,1966,4784,0,907,647,728,1028,500,0,1302,772,341,318,1540,730,640,851,748
2022071312,747,12360,4565,4477,4281,1700,4748,4860,1204,4041,1585,5192,0,883,672,672,987,463,0,1240,782,323,367,1660,677,656,768,743
2022071313,623,14235,4119,5033,4929,1771,4997,5494,1326,4485,1840,5624,0,964,705,790,1025,445,0,1270,908,355,340,1480,711,714,710,767
2022071314,641,13865,4687,4960,5154,1702,5280,5342,1155,4347,1938,5736,0,873,681,836,1144,491,0,1438,848,335,355,1180,681,769,732,687
2022071315,572,13045,2944,4828,5583,1417,5794,5538,1129,4592,2113,5742,0,828,666,746,1084,471,0,1524,966,320,341,1492,636,736,839,678
2022071316,605,13092,4804,4954,6768,1702,6534,6750,1094,4557,2266,6270,0,827,642,747,1155,477,0,614,1030,447,327,1508,562,909,401,309
2022071317,486,14699,4806,4706,8859,1692,6311,6714,1040,4349,2355,6262,0,692,692,695,1108,513,0,0,1386,851,485,1492,461,1199,0,0
2022071318,432,14527,4261,3132,8214,1634,5975,6834,1138,4260,1915,5558,0,661,698,724,563,590,0,0,1254,916,436,1284,464,1049,0,0
2022071319,231,12871,3542,2183,5448,1402,4225,4574,1020,3514,1171,3940,0,825,696,672,534,459,0,0,820,285,293,1060,488,592,0,0
2022071320,190,12158,3459,2010,3756,1325,3165,3560,1053,3117,773,3460,0,934,619,568,883,325,0,0,560,117,114,924,503,393,0,0
2022071321,152,11247,3115,1830,2862,1397,2725,3166,834,2701,641,2954,0,825,510,575,870,301,0,0,362,106,94,728,452,307,0,0
2022071322,103,9308,2571,1571,2382,1151,1972,2282,619,2129,529,2466,0,663,403,439,753,244,0,0,190,52,45,732,394,193,0,0
2022071323,66,6390,1699,961,1575,800,1329,1518,331,1457,289,1418,0,410,291,338,486,184,0,0,87,29,18,528,240,94,0,0
2022071400,10,2671,1103,365,954,600,595,804,92,910,188,392,0,191,72,245,323,48,0,0,18,20,6,120,147,33,0,0
2022071401,18,2841,936,472,516,466,493,666,162,597,246,430,0,246,93,177,232,62,0,0,14,10,7,272,138,37,0,0
2022071402,13,2219,713,346,372,398,443,484,158,458,194,436,0,182,80,128,161,89,0,0,28,19,7,396,91,36,0,0
2022071403,18,1924,803,345,321,447,405,368,178,443,180,432,0,156,65,108,178,82,0,0,26,18,10,520,95,35,0,0
2022071404,63,2461,1036,465,504,681,699,872,224,829,353,572,0,204,76,159,211,125,0,0,80,63,34,632,85,80,0,0
2022071405,300,6147,1631,1044,1248,1359,2110,2282,444,2082,525,1328,0,457,147,312,535,287,0,650,318,125,225,888,264,223,474,619
2022071406,905,11021,1511,2204,2616,1651,4222,4636,923,4124,946,3216,0,755,294,443,718,509,0,892,817,314,432,1476,522,523,309,920
2022071407,1560,12683,2859,2622,4149,1691,6314,7200,1418,5391,1714,5656,0,880,565,664,932,662,0,1236,1518,403,490,1808,523,1037,622,1154
2022071408,1082,12460,5176,2534,6057,1750,6517,7766,1195,5132,2150,5720,0,645,696,941,966,547,0,1406,1216,457,444,1764,849,1056,806,1415
2022071409,1106,13233,4683,2466,5421,1765,5564,5658,1039,4780,2069,5324,0,683,714,855,959,665,0,1432,1054,401,291,1680,811,861,626,1092
2022071410,1028,13768,4026,2760,4599,1296,5317,5302,1090,4533,1851,5468,0,740,625,751,952,576,0,1352,952,314,297,1668,803,752,654,829
2022071411,884,13542,4267,4642,4563,1703,4917,5376,1138,4434,1905,4804,0,931,647,719,962,471,0,1308,806,354,301,1748,721,649,824,685
2022071412,660,12051,3693,4641,4395,1622,4207,4408,937,3774,1664,3784,0,928,519,645,878,361,0,1000,606,251,215,1080,617,560,644,569
2022071413,657,14331,4154,5049,4536,1541,4733,5296,1208,4413,1865,5252,0,1053,687,712,995,440,0,1240,888,313,326,1764,730,736,693,770
2022071414,691,13115,3583,5083,4656,1220,5237,5686,1061,4134,2035,5390,0,864,693,779,1113,388,0,686,914,315,364,1464,695,692,312,344
2022071415,472,13460,3939,4967,5247,1153,4896,5820,796,4523,2034,4230,0,876,501,763,1083,307,0,0,722,248,264,1116,634,578,0,0
2022071416,605,14647,5008,4679,6633,1255,6364,6544,961,4508,2096,6222,0,834,647,796,1202,488,0,0,1001,439,348,1496,610,871,0,0
2022071417,551,14856,4713,4933,8901,1233,6658,6974,881,4423,2395,6038,0,676,649,647,1082,579,0,0,1388,809,459,1408,466,1170,0,0
2022071418,403,14235,3931,5191,8547,1332,5680,7042,1115,4295,2159,4784,0,760,591,828,590,478,0,0,1133,680,373,1032,485,970,0,0
2022071419,286,13041,3943,4477,5691,1122,4382,4616,1027,3582,1247,4214,0,893,694,693,517,448,0,0,813,231,266,1224,450,597,0,0
2022071420,204,12602,1694,3971,4119,1075,3409,3914,1128,3361,885,4070,0,969,609,677,958,338,0,0,622,190,194,1000,566,448,0,0
2022071421,175,12055,892,3680,3099,994,2817,3344,890,3048,728,3032,0,902,617,648,862,291,0,0,399,119,111,884,463,360,0,0
2022071422,150,9816,804,2755,2466,964,2218,2468,689,2199,553,2322,0,748,449,508,760,241,0,0,239,43,60,752,397,210,0,0
2022071423,85,6733,651,1851,1740,732,1393,1700,389,1528,393,1538,0,419,287,326,529,169,0,0,136,38,22,520,257,117,0,0
2022071500,11,3599,198,255,984,109,547,1096,38,1017,67,194,0,160,55,96,192,18,0,0,11,3,2,76,95,20,0,0
2022071501,30,3360,368,842,624,437,620,690,179,643,154,656,0,211,186,149,182,92,0,0,68,32,21,372,99,59,0,0
2022071502,22,2400,323,589,441,588,476,586,155,489,173,416,0,186,76,155,164,96,0,0,53,8,10,308,115,45,0,0
2022071503,20,1986,312,632,366,433,439,352,193,484,202,432,0,150,94,110,147,90,0,0,45,15,21,588,97,45,0,0
2022071504,81,2553,766,926,537,526,867,932,206,854,328,572,0,235,81,153,208,134,0,0,86,45,40,628,109,91,0,0
2022071505,277,6307,2478,2461,1254,1589,2133,2314,481,2129,571,1440,0,469,155,348,472,285,0,1254,334,145,253,980,270,235,684,794
2022071506,899,11230,3307,5096,2574,2220,4414,4724,1011,4191,1121,3180,0,757,313,463,171,530,380,918,747,303,431,1516,508,524,320,911
2022071507,1536,12387,3706,5353,4269,2054,6168,7012,1193,5097,2362,5060,0,742,522,804,278,702,78,278,1445,413,514,1584,706,1047,106,234
2022071508,1325,13525,3983,4194,6591,2639,6204,7664,1097,4649,2504,5534,0,752,459,918,1029,756,1910,1308,1383,470,447,1428,924,1190,753,1408
2022071509,839,13576,3963,4763,5574,2863,5476,5936,1092,4832,2181,5036,0,801,598,852,1040,485,1116,1258,775,327,271,1440,787,614,680,931
2022071510,1054,14458,3970,4846,4716,2690,5606,5284,1114,4550,2005,5228,0,796,629,841,1052,473,1148,1280,854,342,254,1604,785,678,711,804
2022071511,1029,14188,4098,4799,5025,1684,5233,5356,1013,4232,2096,4864,0,933,662,757,982,448,1384,1302,896,381,273,1536,742,652,903,742
2022071512,688,11882,3738,4813,4959,2372,4506,4988,868,3996,1701,3854,0,938,473,629,904,322,982,946,614,260,230,1088,670,485,658,575
2022071513,754,14170,3994,5080,5559,2127,5453,5464,1164,4504,2073,5536,0,1024,700,787,1038,407,1550,1452,867,316,331,1484,703,723,707,770
2022071514,872,14029,3861,4649,5826,1243,5823,5712,1076,4313,2105,5502,0,796,606,811,1065,464,1508,1428,913,334,355,1508,676,747,777,699
2022071515,723,14059,4180,4453,6213,1318,6217,5960,1044,4440,2082,5546,0,813,668,812,1107,458,1712,1456,995,358,317,1404,666,794,799,787
2022071516,720,14610,4165,4950,7137,2228,6674,6864,1046,4507,2424,5858,0,821,589,752,1112,486,1840,1762,1150,502,357,1524,637,895,941,791
2022071517,163,13196,4812,5119,8445,1704,6478,7168,896,4381,2449,6514,0,744,697,659,1066,130,1644,2160,349,810,556,1424,576,294,1262,641
2022071518,205,12888,4085,5135,7923,2354,5347,7204,812,4393,2397,4754,0,745,502,744,491,157,1216,1580,377,586,360,964,508,308,816,413
2022071519,367,12903,3551,4939,6771,2142,4239,5308,630,3782,1358,2566,0,790,284,745,510,407,1286,1088,809,471,271,528,522,733,747,443
2022071520,1012,16402,3417,4104,4737,1828,3662,4342,596,3602,905,2216,0,826,352,689,988,1268,420,904,2090,198,163,592,551,1593,580,338
2022071521,192,13104,3448,3814,3642,1782,2834,3636,627,3293,805,2414,0,921,358,588,917,331,274,534,387,132,125,572,488,321,421,195
2022071522,139,11424,3079,3404,2970,1578,2393,2956,571,2737,633,2408,0,869,336,517,877,270,238,534,237,77,66,516,472,219,291,174
2022071523,97,8514,1559,2507,2091,1169,1991,2010,673,1974,463,2346,0,599,414,399,651,209,136,330,135,27,43,624,336,134,214,114
2022071600,62,6794,574,988,1392,854,708,1542,0,1331,213,0,0,242,0,308,512,172,110,270,90,30,39,0,191,96,161,73
2022071601,38,3879,470,0,771,683,394,1092,0,883,51,0,0,0,0,261,382,127,96,202,40,21,19,0,122,76,110,39
2022071602,32,2470,402,0,576,560,890,706,396,648,46,1572,0,0,296,203,291,97,62,150,36,31,12,552,23,61,110,46
2022071603,32,3542,872,1259,456,348,1150,562,686,457,199,2034,0,353,381,150,195,102,74,148,40,14,11,1440,212,43,77,50
2022071604,69,3057,1075,1042,660,381,876,1018,205,837,306,606,0,253,87,179,261,139,50,132,61,41,24,540,164,70,65,104
2022071605,258,5548,2251,2121,1287,1093,1938,2114,420,1809,615,1294,0,485,176,318,499,267,230,336,236,116,146,832,215,160,198,325
2022071606,454,8810,1909,3403,2058,2255,3237,3772,683,3096,947,2214,0,660,236,479,739,393,546,590,416,195,232,1216,384,344,288,489
2022071607,479,9012,1103,3196,2649,2481,3561,4362,897,3193,1081,2884,0,662,340,593,760,445,870,838,664,227,280,1192,518,482,402,630
2022071608,666,12226,1211,3945,3858,2409,4632,5182,1383,4080,1300,4142,0,997,545,691,982,564,1166,972,618,254,268,1492,611,579,610,640
2022071609,884,14724,2381,3991,5199,2597,5503,6114,1442,4663,1431,5350,0,969,637,755,1055,598,1556,1206,739,261,262,1460,693,661,709,722
2022071610,1057,15024,4150,4460,5082,2093,6275,6066,1205,4515,1539,5242,0,910,575,766,1037,563,1674,1252,751,343,273,1468,743,681,719,640
2022071611,1253,14553,4021,4370,5433,1743,5841,6094,1026,4425,1620,5146,0,856,558,739,890,554,1924,1318,798,415,319,1612,825,746,834,664
2022071612,965,12988,3694,4106,6366,1741,5494,6056,674,4062,1514,3890,0,828,440,665,382,469,1426,1060,635,332,248,1212,768,638,733,545
2022071613,1098,14697,4020,4079,6165,1451,4295,6550,423,4256,1660,2234,0,876,255,675,356,572,1764,1120,879,329,304,704,849,829,726,640
2022071614,1101,14258,3893,3620,5688,1743,4142,5840,394,3799,1579,1732,0,924,195,642,330,521,1902,1160,921,296,332,404,824,787,657,636
2022071615,1029,14671,3970,3976,5928,1303,4203,6310,313,4150,1611,1558,0,970,172,661,451,519,1890,1168,1009,282,410,460,836,852,683,599
2022071616,1052,14691,3953,3846,6696,2221,4290,6534,255,4109,1584,1704,0,829,179,673,406,553,1558,858,1055,301,412,376,778,858,557,451
2022071617,909,12764,3449,3915,5763,1880,3823,6028,292,3371,1055,1594,0,799,155,521,375,514,0,0,1075,302,420,408,654,844,0,0
2022071618,0,0,0,0,0,0,0,0,0,0,0,0,0,0,0,0,0,0,0,0,0,0,0,0,0,0,0,0
2022071619,0,0,0,0,0,0,0,0,0,0,0,0,0,0,0,0,0,0,0,0,0,0,0,0,0,0,0,0
2022071620,0,0,0,0,0,0,0,0,0,0,0,0,0,0,0,0,0,0,0,0,0,0,0,0,0,0,0,0
2022071621,0,0,0,0,0,0,0,0,0,0,0,0,0,0,0,0,0,0,0,0,0,0,0,0,0,0,0,0
2022071622,0,0,0,0,0,0,0,0,0,0,0,0,0,0,0,0,0,0,0,0,0,0,0,0,0,0,0,0
2022071623,0,0,0,0,0,0,0,0,0,0,0,0,0,0,0,0,0,0,0,0,0,0,0,0,0,0,0,0
2022071700,0,0,0,0,0,0,0,0,0,0,0,0,0,0,0,0,0,0,0,0,0,0,0,0,0,0,0,0
2022071701,0,0,0,0,0,0,0,0,0,0,0,0,0,0,0,0,0,0,0,0,0,0,0,0,0,0,0,0
2022071702,0,0,0,0,0,0,0,0,0,0,0,0,0,0,0,0,0,0,0,0,0,0,0,0,0,0,0,0
2022071703,0,0,0,0,0,0,0,0,0,0,0,0,0,0,0,0,0,0,0,0,0,0,0,0,0,0,0,0
2022071704,0,0,0,0,0,0,0,0,0,0,0,0,0,0,0,0,0,0,0,0,0,0,0,0,0,0,0,0
2022071705,0,0,0,0,0,0,0,0,0,0,0,0,0,0,0,0,0,0,0,0,0,0,0,0,0,0,0,0
2022071706,0,0,0,0,0,0,0,0,0,0,0,0,0,0,0,0,0,0,0,0,0,0,0,0,0,0,0,0
2022071707,0,0,0,0,0,0,0,0,0,0,0,0,0,0,0,0,0,0,0,0,0,0,0,0,0,0,0,0
2022071708,0,0,0,0,0,0,0,0,0,0,0,0,0,0,0,0,0,0,0,0,0,0,0,0,0,0,0,0
2022071709,0,0,0,0,0,0,0,0,0,0,0,0,0,0,0,0,0,0,0,0,0,0,0,0,0,0,0,0
2022071710,819,1730,0,0,0,1,682,0,184,0,0,542,0,0,96,0,0,420,872,432,448,151,181,336,0,470,303,252
2022071711,0,0,0,0,0,0,0,0,0,0,0,0,0,0,0,0,0,0,0,0,0,0,0,0,0,0,0,0
2022071712,0,0,0,0,0,0,0,0,0,0,0,0,0,0,0,0,0,0,0,0,0,0,0,0,0,0,0,0
2022071713,0,0,0,0,0,0,0,0,0,0,0,0,0,0,0,0,0,0,0,0,0,0,0,0,0,0,0,0
2022071714,0,0,0,0,0,0,0,0,0,0,0,0,0,0,0,0,0,0,0,0,0,0,0,0,0,0,0,0
2022071715,0,0,0,0,0,0,0,0,0,0,0,0,0,0,0,0,0,0,0,0,0,0,0,0,0,0,0,0
2022071716,0,0,0,0,0,0,0,0,0,0,0,0,0,0,0,0,0,0,0,0,0,0,0,0,0,0,0,0
2022071717,0,0,0,0,0,0,0,0,0,0,0,0,0,0,0,0,0,0,0,0,0,0,0,0,0,0,0,0
2022071718,0,0,0,0,0,0,0,0,0,0,0,0,0,0,0,0,0,0,0,0,0,0,0,0,0,0,0,0
2022071719,0,0,0,0,0,0,0,0,0,0,0,0,0,0,0,0,0,0,0,0,0,0,0,0,0,0,0,0
2022071720,0,0,0,0,0,0,0,0,0,0,0,0,0,0,0,0,0,0,0,0,0,0,0,0,0,0,0,0
2022071721,0,0,0,0,0,0,0,0,0,0,0,0,0,0,0,0,0,0,0,0,0,0,0,0,0,0,0,0
2022071722,0,0,0,0,0,0,0,0,0,0,0,0,0,0,0,0,0,0,0,0,0,0,0,0,0,0,0,0
2022071723,0,0,0,0,0,0,0,0,0,0,0,0,0,0,0,0,0,0,0,0,0,0,0,0,0,0,0,0
2022071800,0,0,0,0,0,0,0,0,0,0,0,0,0,0,0,0,0,0,0,0,0,0,0,0,0,0,0,0
2022071801,0,0,0,0,0,0,0,0,0,0,0,0,0,0,0,0,0,0,0,0,0,0,0,0,0,0,0,0
2022071802,0,0,0,0,0,0,0,0,0,0,0,0,0,0,0,0,0,0,0,0,0,0,0,0,0,0,0,0
2022071803,0,0,0,0,0,0,0,0,0,0,0,0,0,0,0,0,0,0,0,0,0,0,0,0,0,0,0,0
2022071804,0,0,0,0,0,0,0,0,0,0,0,0,0,0,0,0,0,0,0,0,0,0,0,0,0,0,0,0
2022071805,0,0,0,0,0,0,0,0,0,0,0,0,0,0,0,0,0,0,0,0,0,0,0,0,0,0,0,0
2022071806,0,0,0,0,0,0,0,0,0,0,0,0,0,0,0,0,0,0,0,0,0,0,0,0,0,0,0,0
2022071807,0,0,0,0,0,0,0,0,0,0,0,0,0,0,0,0,0,0,0,0,0,0,0,0,0,0,0,0
2022071808,0,59409,27001,7633,42570,18757,18486,57602,0,36668,3041,0,0,1715,0,7119,761,0,0,0,0,0,0,0,5904,0,0,0
2022071809,0,43692,19122,7914,20802,4781,5397,9972,0,4318,1093,0,0,588,0,828,897,0,0,0,0,0,0,0,781,0,0,0
2022071810,372,19129,4808,9121,4521,2048,2850,4860,322,4134,1586,1518,0,720,205,783,959,246,0,0,393,168,154,380,704,325,0,0
2022071811,700,13110,4916,6957,4173,2059,3486,4652,632,4222,1620,2866,0,775,364,740,964,382,0,0,600,256,279,864,624,526,0,0
2022071812,588,11856,4285,4358,3891,1958,3582,4230,574,3756,1398,2882,0,744,382,618,893,433,1272,1076,628,250,291,796,625,544,684,619
2022071813,627,13490,4791,4313,4335,2066,2420,4730,470,4167,1691,2278,0,859,322,690,998,438,1292,1070,679,261,303,796,613,591,649,678
2022071814,553,13461,4840,3272,4257,2006,1007,4688,508,3171,1780,2164,0,764,333,752,980,420,1150,1266,711,244,300,712,604,624,685,536
2022071815,510,13893,4604,4820,4761,2064,918,5158,463,4262,1958,1802,0,873,267,753,1030,408,1258,1210,754,312,287,632,639,568,704,623
2022071816,466,13776,4856,4899,5082,2126,982,5808,452,4470,1871,1906,0,815,286,743,1091,472,396,420,857,351,247,640,538,678,254,193
2022071817,469,14639,4886,4977,7479,2234,952,6084,530,4644,2185,2072,0,788,281,713,1108,503,50,74,1194,601,453,644,540,1002,33,21
2022071818,417,14737,5001,4952,7881,2245,859,6092,450,4444,2019,1800,0,818,269,768,603,538,924,1566,1230,519,432,564,518,967,908,341
2022071819,235,11006,3531,3659,4494,1736,237,3950,526,3063,1029,2038,0,868,266,691,461,438,414,850,683,236,251,532,454,463,659,264
2022071820,157,11098,3507,3307,3459,1588,0,3364,584,2997,717,2222,0,932,268,606,841,335,160,800,523,180,119,604,479,383,613,202
2022071821,131,9752,2829,3022,2469,1321,0,2524,528,2459,621,2336,0,802,295,534,697,276,102,446,331,98,51,688,385,284,275,151
2022071822,103,7515,2052,2305,1566,1099,0,1890,611,1851,494,2654,0,574,351,414,559,213,68,360,194,244,25,740,313,177,183,110
2022071823,53,4831,1518,1545,0,769,0,1328,603,1244,289,2698,0,413,349,290,407,157,34,182,122,76,14,656,210,94,100,57
2022071900,21,3429,1064,17,0,551,0,808,0,635,6,0,0,7,0,230,268,100,28,206,91,15,10,0,4,61,137,31
2022071901,25,2481,791,0,0,418,0,580,0,401,0,0,0,0,0,151,197,81,20,140,43,16,5,0,0,45,55,22
2022071902,16,1905,417,0,0,402,0,428,0,323,0,0,0,0,0,126,140,81,10,98,31,40,5,0,0,33,65,29
2022071903,16,1856,842,922,0,285,0,268,160,592,251,0,0,259,59,109,146,86,18,124,40,15,4,524,164,37,46,42
2022071904,40,2249,933,886,0,350,0,810,221,743,301,0,0,188,71,143,179,109,32,138,73,42,10,524,116,73,56,106
2022071905,269,5760,2607,2219,0,1070,0,2144,412,2117,543,0,0,391,153,316,515,293,150,318,327,136,210,952,233,212,130,355
2022071906,866,9531,3623,4873,0,1716,0,4822,868,4248,1002,0,0,751,271,451,737,515,506,848,810,297,414,1420,460,521,341,908
2022071907,1513,10907,4200,5387,0,1851,0,7064,1396,5315,1361,0,0,856,586,615,885,690,832,1186,1442,422,492,1640,497,1032,678,1134
2022071908,1243,12030,5836,5113,0,2203,0,7390,1278,4990,2341,0,0,722,701,941,1023,698,1010,1238,1385,493,410,1572,877,1203,794,1467
2022071909,906,12064,5409,4778,0,2355,0,5970,1138,4529,2011,794,0,868,699,862,985,497,1100,1370,832,364,286,1460,720,784,657,1072
2022071910,894,12472,4264,4299,0,2241,0,5250,1161,4439,1685,5132,0,798,646,754,926,444,1036,1342,719,300,280,1424,703,637,701,822
2022071911,888,13530,4996,5054,17892,2320,0,5318,1106,4457,1792,4758,0,919,658,776,1012,467,428,478,803,312,290,1740,661,663,301,296
2022071912,470,11443,3495,4811,4299,2364,10916,4742,612,4079,1612,2292,0,935,329,661,1009,213,652,612,356,156,172,820,667,331,429,355
2022071913,289,13201,2669,5013,4947,2279,5295,5604,205,4309,1900,752,0,938,108,783,1059,172,580,568,404,128,142,308,711,483,288,282
2022071914,618,14392,4384,4941,5166,2271,3698,5434,507,4216,2032,2044,0,942,250,831,1084,438,1358,1416,932,299,328,568,730,1052,674,745
2022071915,658,15100,4406,4646,5481,2380,3763,5490,415,4554,1915,1884,0,815,220,744,1118,418,1534,1436,957,351,336,484,679,884,572,692
2022071916,629,15019,4229,4915,6537,2726,4092,6516,398,4511,2089,1758,0,847,199,793,1184,454,1644,1640,1096,451,354,476,634,839,805,727
2022071917,596,14922,4621,5104,8544,2764,4459,6832,376,4453,2160,1664,0,766,229,677,1105,548,1444,1912,1402,739,474,604,522,1106,1156,674
2022071918,436,14863,4053,5226,7350,2880,4092,6912,323,4351,2118,1638,0,738,191,716,580,600,418,682,1304,740,445,460,395,1078,431,186
2022071919,249,13138,4080,4146,5574,2163,3309,4846,421,3367,1131,1878,0,926,236,667,536,456,0,0,819,282,287,528,477,592,0,0
2022071920,201,12064,3580,3651,4002,1998,3003,3806,255,3183,779,2410,0,986,274,609,967,363,0,0,646,147,156,664,468,484,0,0
2022071921,163,11680,3296,3590,2991,1845,2571,3186,370,2845,667,2244,0,944,280,610,822,283,0,0,410,91,89,600,450,342,0,0
2022071922,115,9107,1297,2781,2373,1517,2243,2274,351,2150,510,2600,0,741,278,452,753,233,104,316,186,61,41,600,364,178,192,70
2022071923,77,6450,564,1927,1527,1124,1827,1614,417,1451,346,2516,0,473,264,347,483,171,108,192,109,22,25,716,220,113,165,62
2022072000,46,2583,75,0,510,779,352,842,0,960,8,0,0,11,0,242,333,119,42,192,63,14,18,0,26,67,117,33
2022072001,30,1509,0,0,0,619,0,280,0,608,0,0,0,0,0,185,256,81,34,150,41,7,12,0,0,61,73,45
2022072002,16,1038,0,0,0,524,0,0,0,403,0,0,0,0,0,129,171,84,20,122,27,19,9,0,0,45,44,27
2022072003,20,3164,842,1433,942,441,0,792,140,444,317,428,0,361,52,101,173,85,38,120,36,23,16,424,230,37,57,48
2022072004,57,2468,460,996,525,497,0,902,227,799,330,594,0,219,77,150,211,137,34,202,91,42,37,604,118,81,67,127
2022072005,287,6188,1435,2387,1218,1507,0,2218,491,2161,607,1280,0,401,157,319,585,309,218,360,308,126,231,1020,286,224,152,411
2022072006,901,11326,1564,4699,2514,2303,0,4400,928,4315,1012,3098,0,774,298,457,725,520,522,828,790,280,425,1452,704,478,335,926
2022072007,1557,12526,1909,5077,4125,2411,0,4838,1403,5364,1533,5130,0,840,616,691,961,676,830,1224,1444,377,494,1692,513,976,667,1171
2022072008,1237,12942,3898,4334,6855,2920,0,7324,1243,5167,2052,5476,0,729,712,874,1024,710,1022,1336,1311,516,448,1892,837,1146,776,1416
2022072009,903,13924,3835,4055,5148,2815,11710,5696,872,4769,1942,4158,0,780,499,812,1019,515,1128,1406,818,379,295,1236,812,691,734,1083
2022072010,859,14082,4096,3926,4593,2812,8940,5226,393,4574,1797,1670,0,794,212,794,1011,453,1234,1232,762,330,305,456,700,664,580,771
2022072011,1021,13982,4095,3882,4734,2630,3486,5356,516,4508,1717,2182,0,843,226,731,975,464,1248,1336,732,334,300,536,670,706,794,700
2022072012,874,12447,4232,4157,4227,2426,3376,4680,317,3988,1393,1644,0,899,233,623,898,412,1334,1112,734,324,308,516,578,649,726,740
2022072013,654,13947,3964,4414,4665,1927,3770,5250,376,4401,1701,1880,0,964,249,796,1002,442,1446,1292,775,319,319,672,704,704,668,670
2022072014,628,13945,3819,4190,5001,2172,3881,5136,347,4385,1899,1680,0,791,205,794,1155,448,1430,1454,812,307,311,452,660,729,691,734
2022072015,616,14461,3937,4025,5412,2220,3847,5664,267,4685,1930,1294,0,811,183,832,1169,460,1450,1402,876,323,324,484,675,710,693,622
2022072016,415,11430,4293,3394,5112,1494,3245,4992,228,3535,1591,948,0,683,151,609,923,311,1180,1004,637,274,197,316,531,539,640,494
2022072017,606,14611,4003,4192,8346,2150,4349,6750,338,4240,2016,1476,0,663,194,626,1042,518,1402,1946,1352,723,485,364,435,1120,1259,627
2022072018,348,14639,4064,4752,7704,2220,3949,7010,288,4456,2024,1194,0,869,155,764,567,613,1476,1764,1285,697,440,332,515,992,1045,496
2022072019,326,13202,3599,4260,5490,1900,3105,4996,392,3612,1078,1564,0,920,211,704,530,475,744,1042,793,236,262,532,451,627,698,368
2022072020,212,12071,3930,3519,4002,1668,2729,3756,509,3131,731,1734,0,1000,234,632,874,339,296,834,558,148,163,548,515,442,561,261
2022072021,167,12230,3443,3424,3162,1644,2220,3188,445,2885,705,1642,0,920,210,594,863,299,208,556,471,97,80,400,422,320,355,198
2022072022,124,9827,2626,2509,2436,1349,1986,2284,452,2250,504,1878,0,619,249,489,741,254,178,432,239,50,69,396,363,253,253,128
2022072023,57,6328,1766,1905,1617,977,1485,1492,404,1502,307,1908,0,469,255,382,487,157,82,222,134,21,28,524,298,92,174,58
2022072100,42,4571,1313,1066,1002,661,519,1078,0,1053,121,0,0,322,0,243,290,123,78,202,93,16,31,0,150,89,169,53
2022072101,26,3111,902,349,570,444,320,678,0,572,0,0,0,261,0,183,128,91,54,170,41,13,16,0,54,51,102,36
2022072102,18,1219,759,45,408,445,219,416,0,427,0,0,0,38,0,148,67,77,30,104,33,13,10,0,33,38,70,41
2022072103,14,875,507,0,312,255,1001,356,651,469,0,1944,0,0,406,82,72,80,44,138,40,5,13,1032,0,30,62,32
2022072104,51,1183,510,0,459,89,727,488,400,597,0,972,0,0,152,67,106,117,24,134,81,46,32,1120,0,67,52,124
2022072105,182,2243,1034,0,987,226,986,1282,396,1346,0,1128,0,0,138,135,279,242,90,314,255,170,171,900,0,182,80,299
2022072106,649,2625,2194,0,2385,349,2215,0,856,2664,0,3056,0,0,239,123,521,484,350,834,725,378,373,1220,0,458,240,806
2022072107,1404,1515,2607,0,3723,448,3342,0,1311,2743,0,5318,0,0,570,229,412,662,756,1172,1402,403,443,1404,0,935,549,1071
2022072108,1317,10680,7181,4416,5406,3724,4120,10478,1262,6307,1799,5470,0,557,680,1216,743,736,970,1280,1321,481,429,1492,461,1099,766,1421
2022072109,850,16681,5334,4736,5808,2505,0,5750,1173,4856,1940,5844,0,714,723,854,1042,603,1168,1330,837,385,259,1620,379,755,679,1041
2022072110,924,14151,4990,5009,4626,2425,9533,5382,676,4625,1950,2922,0,824,331,841,1025,555,1082,1300,754,331,265,872,432,640,625,776
2022072111,959,14181,3698,4720,4875,2581,3712,5546,472,4178,1934,2286,0,878,309,731,1003,475,1138,1298,769,322,314,696,713,650,781,683
2022072112,839,4976,1355,1144,1149,682,1567,1278,401,994,361,1712,0,237,255,174,228,403,1184,1116,737,318,309,564,193,718,657,747
2022072113,299,8469,3164,2375,3597,1349,2352,3620,193,2895,1144,796,0,508,114,540,527,175,520,524,348,137,128,284,556,351,243,246
2022072114,688,14619,4102,4431,5229,2146,4412,5330,693,4392,1834,3096,0,789,408,779,1117,428,1456,1350,849,313,331,960,679,679,665,657
2022072115,756,14717,4647,4890,5748,2488,4935,5598,894,4441,2189,3986,0,859,551,761,1104,436,1470,1396,905,305,347,1124,648,701,840,710
2022072116,673,14812,5135,5010,6654,2594,4904,6484,699,4458,2084,3288,0,872,418,791,1153,500,1502,1504,1012,456,327,988,641,826,770,658
2022072117,580,15263,4581,5103,8610,2703,4758,6862,454,4412,2342,2298,0,760,311,683,1102,527,1354,1926,1349,712,440,696,482,1092,1141,603
2022072118,395,15131,3132,5034,8940,2827,4882,6560,603,4267,2283,3396,0,733,412,745,552,571,1154,1542,1286,664,445,940,481,1025,896,529
2022072119,263,13498,3427,4116,5589,2191,3125,4676,301,3581,1176,1712,0,830,203,665,543,425,718,978,793,268,260,536,415,616,760,322
2022072120,210,12492,3650,3833,4185,2118,3255,3916,364,3235,870,2482,0,934,301,612,960,397,268,894,631,139,200,644,519,507,749,230
2022072121,178,11965,3359,3672,3126,1788,2733,3282,348,2917,753,2602,0,916,262,549,829,294,204,586,422,105,97,792,433,350,438,190
2022072122,109,9371,2585,2836,2433,1673,3072,2440,686,2268,569,4122,0,704,430,469,697,231,146,436,248,85,71,912,389,196,310,123
2022072123,58,6623,1797,1988,1521,1220,2313,1556,562,1460,368,3584,0,489,409,332,504,161,104,248,123,28,31,712,243,92,177,66
2022072200,48,2654,1028,494,1080,763,500,692,77,937,243,224,0,332,50,238,400,127,66,204,98,20,34,92,140,70,159,54
2022072201,21,3404,983,886,597,626,609,712,207,684,202,680,0,240,157,209,243,100,40,140,57,17,19,420,142,57,104,38
2022072202,9,2314,786,648,366,602,435,530,156,469,177,428,0,193,79,153,195,74,32,120,36,7,10,352,121,48,63,43
2022072203,16,1988,835,646,303,457,389,384,185,493,229,452,0,171,78,106,161,90,40,144,41,25,16,592,101,47,85,60
2022072204,45,2623,1083,987,531,559,846,952,212,874,356,464,0,225,83,168,222,110,32,186,110,37,55,652,101,88,71,132
2022072205,295,6454,2801,2445,1053,1527,2223,2502,496,2126,608,1458,0,493,159,337,556,287,178,356,343,125,226,960,285,225,161,356
2022072206,803,11480,4915,4654,2454,2346,4464,4954,840,4367,1036,3328,0,789,298,481,739,529,446,886,792,282,435,1512,653,512,304,936
2022072207,1514,11938,3915,5068,4200,2213,6124,6806,1380,5340,2334,4980,0,798,605,696,914,680,842,1168,1403,415,503,1764,500,982,600,1124
2022072208,1153,12965,4850,5245,6597,2255,6064,7198,1168,5059,2444,5626,0,760,686,904,1077,696,974,1370,1359,486,435,1840,887,1154,865,1376
2022072209,1089,13947,4714,5292,5334,2944,5018,6090,1007,4816,1890,4324,0,855,533,824,1059,425,968,1032,688,282,222,1016,811,625,593,835
2022072210,1072,14480,4065,5130,4800,2851,5503,5814,1187,4628,2014,5496,0,849,692,881,1037,489,1256,1418,819,337,308,1644,730,693,686,817
2022072211,1034,14611,5027,4909,5244,2870,5504,5742,1067,4670,1869,4906,0,919,688,783,978,471,1306,1432,761,342,305,1628,681,722,819,673
2022072212,863,12778,4393,4605,4785,2712,5211,5566,1238,4072,1584,4926,0,847,656,681,1006,466,1460,1344,825,356,317,1628,690,762,815,788
2022072213,816,14567,4875,4820,5184,2780,5672,5852,1251,4553,1925,5612,0,966,676,771,1036,456,1568,1442,903,349,338,1616,703,753,778,744
2022072214,761,14506,5494,4858,5583,2735,6034,5816,1147,4291,2164,5828,0,875,639,777,1046,458,1626,1562,932,368,353,1584,707,784,888,804
2022072215,749,14672,5297,5004,6243,2778,6312,6150,1109,4480,2230,5736,0,818,639,758,1167,457,1752,1540,1038,373,339,1468,681,776,793,687
2022072216,769,14995,5100,5041,7389,2877,6821,6794,1046,4505,2402,6138,0,833,639,704,1132,507,1846,1704,1119,498,366,1684,637,904,955,682
2022072217,534,14458,4919,4806,8799,2882,6314,7222,835,4187,2360,5686,0,718,519,643,1084,486,468,558,1220,663,451,1140,628,1013,315,186
2022072218,559,15055,5064,4651,8571,2898,6286,7174,973,4100,2257,6206,0,687,642,645,493,630,0,0,1304,794,490,1220,541,1046,0,0
2022072219,362,13398,4160,4730,6399,2354,4940,5034,1065,3614,1430,4370,0,788,646,715,477,490,0,2,719,383,290,1004,496,592,0,0
2022072220,233,12663,2413,4153,4413,2273,3957,4044,1125,3533,914,4168,0,963,646,640,935,367,0,0,609,177,139,920,558,440,0,0
2022072221,194,12969,989,3925,3378,2093,3178,3312,1084,3166,758,3586,0,927,634,607,899,316,224,486,414,126,73,860,489,358,313,198
2022072222,142,11392,933,3325,3027,1962,2516,2978,859,2689,623,2610,0,842,560,559,793,278,208,516,254,75,60,832,471,215,358,145
2022072223,103,8038,1127,2439,2064,1405,1744,1928,457,1876,454,1756,0,586,401,401,582,220,120,310,175,38,31,644,296,111,219,83
2022072300,62,4305,1226,922,918,820,1062,992,391,1100,195,1360,0,234,252,336,491,164,92,242,129,39,33,500,178,102,182,73
2022072301,49,4620,1306,1186,813,894,783,986,289,887,232,870,0,337,211,254,334,145,66,160,86,16,21,440,208,88,124,43
2022072302,23,3415,1080,854,561,767,635,692,239,630,166,572,0,309,111,216,285,96,56,110,56,19,15,456,181,42,82,51
2022072303,27,2635,906,709,402,520,471,498,190,519,159,510,0,210,93,151,220,106,52,100,50,24,21,612,145,45,59,53
2022072304,70,3271,1123,987,630,508,830,882,238,806,248,554,0,253,102,180,249,141,58,154,83,31,39,512,170,81,90,76
2022072305,232,5488,2028,2124,1260,1187,1859,2132,438,1695,400,1204,0,411,176,290,533,231,216,320,237,122,178,852,278,175,154,293
2022072306,472,7848,2479,3381,1974,1875,2939,3440,687,2833,665,2374,0,422,225,435,596,382,532,624,482,184,270,1244,317,325,334,479
2022072307,558,8933,3056,3662,2664,1826,3408,4134,670,3153,855,2872,0,585,316,621,543,480,740,792,625,237,301,1360,467,454,431,637
2022072308,628,12609,4059,4503,3918,1998,4484,4942,1126,4062,963,4326,0,1018,459,738,1001,531,1116,1002,680,255,342,1472,706,539,640,660
2022072309,935,15083,1488,1827,4932,775,5473,5658,566,4553,342,5254,0,388,646,271,354,563,1460,1098,685,271,316,1544,268,624,653,681
2022072310,1118,15252,0,0,5139,0,6038,6234,0,4614,0,5080,0,0,605,0,0,569,1674,1262,782,282,366,1396,0,688,770,600
2022072311,1179,14890,5313,5260,5292,2892,6185,6258,3339,4483,1475,5366,0,698,611,1085,600,559,1774,1220,841,396,381,1444,971,707,829,645
2022072312,1179,13724,2029,4759,5508,1731,6239,5856,1238,4243,1041,5864,0,887,685,710,1054,592,1808,1190,864,332,396,1540,834,819,865,726
2022072313,1084,14829,4044,5031,5829,2742,6204,6144,1067,4557,1595,5500,0,917,610,635,946,563,1798,1132,849,321,385,1724,807,850,862,716
2022072314,1092,14886,4126,4983,5688,2718,6083,6006,1281,4345,1614,5698,0,1079,544,597,971,523,1978,1252,970,310,382,1556,791,871,800,651
2022072315,1074,14360,3984,4878,5739,2695,6168,6382,1409,4405,1567,5860,0,1060,489,590,974,525,2106,1314,1047,307,403,1456,857,839,878,591
2022072316,929,14165,3876,4198,6663,2630,6226,6690,1300,3986,1401,5612,0,890,202,706,985,545,2178,1406,1196,312,471,1196,762,895,900,587
2022072317,753,14536,5174,4706,7800,2577,6232,6666,1208,3810,1140,5806,0,839,492,613,1090,566,2086,1328,1171,321,434,1252,707,930,945,591
2022072318,609,13949,5229,4650,6318,2514,5145,5262,1338,3814,906,4766,0,1011,629,452,903,464,1976,1026,862,218,308,1280,711,645,655,397
2022072319,350,13076,4454,3876,3669,2322,3863,4024,1096,3286,794,4360,0,857,601,487,773,324,1080,710,647,162,233,852,587,492,539,265
2022072320,308,13285,4924,3980,3852,2386,3389,3484,1036,3137,607,4244,0,907,582,489,867,324,454,652,559,118,135,776,609,404,418,284
2022072321,279,12720,4102,3781,3285,2448,3168,3060,1100,3040,484,3622,0,914,555,575,867,325,416,516,480,100,107,848,547,286,310,232
2022072322,174,11134,2880,2968,2865,2058,2385,2472,680,2421,424,2762,0,732,449,524,820,273,240,414,284,49,75,828,412,180,299,96
2022072323,110,7370,2022,2060,1818,1362,1545,1710,422,1588,253,1710,0,525,288,372,578,182,170,214,190,24,31,476,302,96,174,52
2022072400,55,4090,1189,1055,1095,723,996,958,280,1050,131,1290,0,281,196,277,458,171,126,166,122,21,25,400,186,115,110,56
2022072401,28,4177,1046,1057,711,745,643,990,176,734,136,684,0,281,160,239,321,115,82,122,63,12,8,412,170,46,85,23
2022072402,33,3267,888,706,471,627,458,566,142,530,86,476,0,211,96,201,278,90,60,98,52,13,8,272,165,46,55,32
2022072403,25,2317,702,546,336,377,314,518,124,399,86,380,0,152,84,123,205,93,48,72,38,10,9,284,133,25,48,26
2022072404,44,2118,675,584,354,266,492,684,140,502,102,342,0,133,79,100,176,77,64,82,41,24,6,268,107,43,49,59
2022072405,98,2884,888,929,534,430,779,946,187,747,151,592,0,189,73,147,235,121,74,110,113,136,76,344,125,84,66,113
2022072406,241,4100,1421,1408,1140,734,1287,1688,325,1231,302,1112,0,285,153,240,372,163,168,220,163,208,101,440,219,126,120,208
2022072407,245,4957,1729,1702,1668,865,558,1910,485,1519,282,1804,0,373,188,251,436,199,478,402,271,161,117,528,225,203,241,238
2022072408,259,7569,2347,2371,1788,1019,0,3116,753,2202,345,2524,0,532,292,390,606,329,668,434,333,105,133,728,330,278,304,333
2022072409,567,10666,3090,3352,3078,1653,0,3804,1109,3323,512,3374,0,706,544,441,738,407,1088,562,391,138,149,704,442,412,356,412
2022072410,878,13374,4619,3949,3774,2628,8104,4792,1378,3742,951,3944,0,914,649,574,888,461,1662,828,533,187,206,1020,548,494,531,452
2022072411,1186,13803,4348,4160,4368,2765,6044,5340,1528,3829,958,4472,0,945,681,578,950,475,1990,958,630,230,233,1336,685,653,639,499
2022072412,1252,13225,3929,4257,4386,2236,5458,5274,1350,3867,1060,4756,0,911,684,507,870,567,2216,1012,758,246,326,1196,618,702,586,584
2022072413,1219,14065,4500,4644,5178,2554,5641,5726,1450,4066,1194,4926,0,932,683,537,919,565,2168,1098,856,254,374,1344,683,780,730,562
2022072414,1232,14505,4606,4102,5457,2668,5768,5926,1399,4188,1146,5304,0,837,690,539,916,544,2214,1166,1009,294,441,1296,652,834,612,556
2022072415,1107,14781,4861,4681,5901,2668,5946,6212,1120,4120,1172,5374,0,978,623,546,854,513,2376,1072,1005,301,457,1056,620,836,639,560
2022072416,951,14625,4816,4809,6363,1855,6026,5924,800,4008,1272,5178,0,967,629,545,900,486,2304,1142,1054,317,420,1256,684,786,563,516
2022072417,754,14106,5194,4568,5640,2507,5492,5544,511,4024,1198,5332,0,978,671,506,890,459,2072,1074,1031,222,473,1132,644,758,627,577
2022072418,314,13392,4713,4112,5820,2537,5025,4822,701,3562,1061,4826,0,956,650,487,837,393,1854,950,855,163,387,924,618,653,599,451
2022072419,424,13025,4371,3659,4569,2489,4165,4002,1257,3386,593,4556,0,794,562,447,788,351,1486,776,661,159,333,776,535,505,455,381
2022072420,375,13143,3706,4010,3906,2808,3751,3812,1075,3222,600,4142,0,905,576,484,798,333,610,622,591,122,185,800,396,386,344,325
2022072421,268,12339,3721,3534,3387,2444,3045,2894,1084,2838,508,3202,0,905,522,482,795,315,370,538,458,76,130,744,370,289,290,200
2022072422,175,8643,3646,2560,2277,1855,2121,2142,754,2095,450,2058,0,717,377,396,646,237,242,398,249,47,51,624,359,160,227,88
2022072423,84,6111,1815,1612,1374,1146,1214,1350,358,1328,257,1380,0,422,230,276,428,122,154,232,144,27,34,504,225,107,125,50
2022072500,13,2565,964,704,825,618,567,616,69,833,131,234,0,173,45,194,307,28,30,70,37,4,6,92,108,24,38,10
2022072501,18,2698,791,742,519,587,395,590,110,546,148,320,0,197,104,141,196,55,30,60,30,4,6,316,108,37,44,32
2022072502,25,1905,636,560,246,482,424,358,125,427,104,340,0,139,77,108,149,57,32,68,44,1,6,332,87,23,27,34
2022072503,15,1783,679,584,261,417,397,328,125,452,124,374,0,142,64,96,157,77,28,130,41,7,9,564,114,35,41,30
2022072504,65,2607,1001,1085,495,588,898,904,176,961,291,552,0,205,77,149,203,114,66,200,95,40,30,600,110,59,55,117
2022072505,396,7204,2501,2580,1287,1621,2273,2444,481,2424,582,1492,0,463,193,336,537,287,416,438,310,127,243,1064,304,206,144,363
2022072506,1074,11206,3794,5247,2544,2250,3662,5054,947,4464,1216,3632,0,814,318,436,677,531,742,936,825,279,483,1328,443,525,294,924
2022072507,1675,12125,5102,5563,4065,2260,6008,6946,1555,5536,1816,5546,0,873,624,693,958,653,1120,1268,1427,385,482,1536,432,973,570,1129
2022072508,1241,12585,5408,5069,6966,2894,6234,6776,1145,5058,2373,5754,0,701,725,920,1058,704,1178,1242,1382,445,426,1916,802,1159,712,1408
2022072509,891,13679,5333,5074,5472,2948,5547,5858,1106,4952,1970,5590,0,829,682,776,1027,498,1332,1340,826,366,310,1276,816,755,676,1074
2022072510,985,13217,3687,4234,4944,2444,5432,5482,1171,4312,1758,5350,0,813,622,786,977,503,1266,1394,823,339,274,1496,700,696,675,802
2022072511,0,0,0,0,0,0,0,0,0,0,0,0,0,0,0,0,0,0,0,0,0,0,0,0,0,0,0,0
